District Number,District Name,Total Enrollment,Total Students of Color or American Indian Count,Total Students of Color or American Indian Percent,Total Students Receiving Special Education Services Count,Total Students Receiving Special Education Services Percent,Total Female Count,Total Female Percent,Total Male Count,Total Male Percent,Total English Learner,Total English Learner Percent
2396,A.C.G.C. Public School District,817,86,10.53%,166,20.32%,391,47.86%,426,52.14%,13,1.59%
2854,Ada-Borup Public School District,709,148,20.87%,136,19.18%,343,48.38%,366,51.62%,9,1.27%
511,Adrian Public School District,574,109,18.99%,88,15.33%,290,50.52%,284,49.48%,32,5.57%
1,Aitkin Public School District,1186,84,7.08%,208,17.54%,562,47.39%,624,52.61%,2,0.17%
745,Albany Public School District,1768,76,4.30%,293,16.57%,899,50.85%,869,49.15%,13,0.74%
241,Albert Lea Public School District,3595,1301,36.19%,687,19.11%,1702,47.34%,1893,52.66%,302,8.40%
242,Alden-Conger Public School District,507,47,9.27%,89,17.55%,259,51.08%,248,48.92%,0,0.00%
206,Alexandria Public School District,4191,343,8.18%,765,18.25%,2022,48.25%,2169,51.75%,28,0.67%
876,Annandale Public School District,1974,160,8.11%,355,17.98%,977,49.49%,997,50.51%,11,0.56%
11,Anoka-Hennepin Public School District,38802,12426,32.02%,6477,16.69%,18760,48.35%,20042,51.65%,2549,6.57%
261,Ashby Public School District,293,11,3.75%,40,13.65%,141,48.12%,152,51.88%,3,1.02%
492,Austin Public School District,5293,2686,50.75%,962,18.17%,2588,48.89%,2705,51.11%,989,18.69%
676,Badger Public School District,220,19,8.64%,32,14.55%,104,47.27%,116,52.73%,0,0.00%
162,Bagley Public School District,1024,293,28.61%,185,18.07%,494,48.24%,530,51.76%,0,0.00%
146,Barnesville Public School District,868,44,5.07%,110,12.67%,394,45.39%,474,54.61%,0,0.00%
91,Barnum Public School District,714,55,7.70%,119,16.67%,329,46.08%,385,53.92%,1,0.14%
542,Battle Lake Public School District,428,47,10.98%,57,13.32%,199,46.50%,229,53.50%,1,0.23%
726,Becker Public School District,2942,213,7.24%,443,15.06%,1489,50.61%,1453,49.39%,30,1.02%
2364,Belgrade-Brooten-Elrosa Public School District,655,72,10.99%,99,15.11%,309,47.18%,346,52.82%,38,5.80%
716,Belle Plaine Public School District,1627,216,13.28%,292,17.95%,782,48.06%,845,51.94%,21,1.29%
31,Bemidji Public School District,5230,1515,28.97%,1045,19.98%,2445,46.75%,2785,53.25%,10,0.19%
777,Benson Public School District,838,125,14.92%,163,19.45%,407,48.57%,431,51.43%,18,2.15%
786,Bertha-Hewitt Public School District,494,35,7.09%,106,21.46%,231,46.76%,263,53.24%,0,0.00%
727,Big Lake Public School District,3056,449,14.69%,477,15.61%,1532,50.13%,1524,49.87%,54,1.77%
2534,Bird Island-Olivia-Lake Lillian,684,112,16.37%,84,12.28%,318,46.49%,366,53.51%,26,3.80%
32,Blackduck Public School District,674,136,20.18%,129,19.14%,324,48.07%,350,51.93%,7,1.04%
756,Blooming Prairie Public School District,759,84,11.07%,105,13.83%,368,48.48%,391,51.52%,9,1.19%
271,Bloomington Public School District,10641,5499,51.68%,1720,16.16%,5086,47.80%,5555,52.20%,1469,13.81%
2860,Blue Earth Area Public Schools,1035,186,17.97%,112,10.82%,486,46.96%,549,53.04%,36,3.48%
314,Braham Public School District,755,46,6.09%,143,18.94%,362,47.95%,393,52.05%,1,0.13%
181,Brainerd Public School District,6812,571,8.38%,1566,22.99%,3333,48.93%,3479,51.07%,17,0.25%
2908,Brandon-Evansville Public Schools,485,21,4.33%,65,13.40%,232,47.84%,253,52.16%,0,0.00%
846,Breckenridge Public School District,643,105,16.33%,152,23.64%,301,46.81%,342,53.19%,13,2.02%
286,Brooklyn Center School District,2492,2005,80.46%,408,16.37%,1248,50.08%,1244,49.92%,471,18.90%
787,Browerville Public School District,566,44,7.77%,121,21.38%,242,42.76%,324,57.24%,10,1.77%
801,Browns Valley Public School District,173,101,58.38%,40,23.12%,81,46.82%,92,53.18%,0,0.00%
2159,Buffalo Lake-Hector-Stewart Public Schools,504,78,15.48%,81,16.07%,244,48.41%,260,51.59%,18,3.57%
877,Buffalo-Hanover-Montrose Public Schools,5860,561,9.57%,965,16.47%,2874,49.04%,2986,50.96%,77,1.31%
191,Burnsville Public School District,8874,5427,61.16%,1525,17.19%,4336,48.86%,4538,51.14%,1542,17.38%
836,Butterfield Public School District,208,130,62.50%,42,20.19%,102,49.04%,106,50.96%,67,32.21%
531,Byron Public School District,2114,183,8.66%,223,10.55%,1032,48.82%,1082,51.18%,18,0.85%
299,Caledonia Public School District,718,28,3.90%,121,16.85%,333,46.38%,385,53.62%,0,0.00%
911,Cambridge-Isanti Public School District,5040,552,10.95%,905,17.96%,2419,48.00%,2621,52.00%,46,0.91%
852,Campbell-Tintah Public School District,144,19,13.19%,30,20.83%,68,47.22%,76,52.78%,0,0.00%
891,Canby Public School District,579,37,6.39%,90,15.54%,292,50.43%,287,49.57%,2,0.35%
252,Cannon Falls Public School District,1158,98,8.46%,151,13.04%,553,47.75%,605,52.25%,5,0.43%
93,Carlton Public School District,435,89,20.46%,87,20.00%,189,43.45%,246,56.55%,0,0.00%
115,Cass Lake-Bena Public Schools,1211,1123,92.73%,292,24.11%,580,47.89%,631,52.11%,0,0.00%
2754,Cedar Mountain School District,485,122,25.15%,125,25.77%,203,41.86%,282,58.14%,0,0.00%
12,Centennial Public School District,6740,1305,19.36%,1195,17.73%,3303,49.01%,3437,50.99%,192,2.85%
108,Central Public School District,986,129,13.08%,165,16.73%,474,48.07%,512,51.93%,21,2.13%
227,Chatfield Public Schools,873,48,5.50%,108,12.37%,414,47.42%,459,52.58%,0,0.00%
2144,Chisago Lakes School District,3475,233,6.71%,489,14.07%,1685,48.49%,1790,51.51%,18,0.52%
695,Chisholm Public School District,726,68,9.37%,134,18.46%,371,51.10%,355,48.90%,0,0.00%
771,Chokio-Alberta Public School District,155,3,1.94%,34,21.94%,72,46.45%,83,53.55%,0,0.00%
2311,Clearbrook-Gonvick School District,464,111,23.92%,86,18.53%,217,46.77%,247,53.23%,0,0.00%
391,Cleveland Public School District,524,47,8.97%,50,9.54%,268,51.15%,256,48.85%,1,0.19%
592,Climax-Shelly Public Schools,222,52,23.42%,58,26.13%,131,59.01%,91,40.99%,0,0.00%
2888,Clinton-Graceville-Beardsley,322,12,3.73%,61,18.94%,174,54.04%,148,45.96%,16,4.97%
94,Cloquet Public School District,2654,731,27.54%,569,21.44%,1264,47.63%,1390,52.37%,3,0.11%
13,Columbia Heights Public School District,3398,2791,82.14%,555,16.33%,1664,48.97%,1734,51.03%,930,27.37%
81,Comfrey Public School District,148,16,10.81%,36,24.32%,77,52.03%,71,47.97%,1,0.68%
166,Cook County Public Schools,500,137,27.40%,111,22.20%,216,43.20%,284,56.80%,0,0.00%
95,Cromwell-Wright Public Schools,331,31,9.37%,52,15.71%,152,45.92%,179,54.08%,0,0.00%
593,Crookston Public School District,1191,400,33.59%,216,18.14%,585,49.12%,606,50.88%,47,3.95%
182,Crosby-Ironton Public School District,1048,89,8.49%,244,23.28%,517,49.33%,531,50.67%,1,0.10%
466,Dassel-Cokato Public School District,2250,168,7.47%,335,14.89%,1072,47.64%,1178,52.36%,18,0.80%
378,Dawson-Boyd Public School District,568,72,12.68%,121,21.30%,258,45.42%,310,54.58%,11,1.94%
317,Deer River Public School District,971,458,47.17%,216,22.25%,444,45.73%,527,54.27%,2,0.21%
879,Delano Public School District,2501,154,6.16%,341,13.63%,1229,49.14%,1272,50.86%,20,0.80%
22,Detroit Lakes Public School District,3047,755,24.78%,655,21.50%,1474,48.38%,1573,51.62%,7,0.23%
2164,Dilworth-Glyndon-Felton,1642,215,13.09%,296,18.03%,810,49.33%,832,50.67%,28,1.71%
533,Dover-Eyota Public School District,1101,72,6.54%,139,12.62%,536,48.68%,565,51.32%,8,0.73%
709,Duluth Public School District,8706,2018,23.18%,1598,18.36%,4262,48.95%,4444,51.05%,55,0.63%
2580,East Central School District,770,113,14.68%,140,18.18%,368,47.79%,402,52.21%,0,0.00%
595,East Grand Forks Public School District,1965,529,26.92%,319,16.23%,948,48.24%,1017,51.76%,168,8.55%
112,Eastern Carver County Public Schools,9829,2314,23.54%,1334,13.57%,4767,48.50%,5062,51.50%,446,4.54%
272,Eden Prairie Public School District,8899,3831,43.05%,1025,11.52%,4300,48.32%,4599,51.68%,770,8.65%
463,Eden Valley-Watkins School District,971,62,6.39%,153,15.76%,469,48.30%,502,51.70%,7,0.72%
581,Edgerton Public School District,427,109,25.53%,53,12.41%,208,48.71%,219,51.29%,35,8.20%
273,Edina Public School District,8510,2284,26.84%,980,11.52%,4155,48.82%,4355,51.18%,451,5.30%
728,Elk River Public School District,13670,1889,13.82%,2219,16.23%,6620,48.43%,7050,51.57%,286,2.09%
514,Ellsworth Public School District,142,5,3.52%,28,19.72%,73,51.41%,69,48.59%,0,0.00%
696,Ely Public School District,573,58,10.12%,71,12.39%,289,50.44%,284,49.56%,0,0.00%
99,Esko Public School District,1283,100,7.79%,157,12.24%,632,49.26%,651,50.74%,2,0.16%
2154,Eveleth-Gilbert School District,738,54,7.32%,84,11.38%,379,51.36%,359,48.64%,0,0.00%
2752,Fairmont Area School District,1727,343,19.86%,260,15.06%,883,51.13%,844,48.87%,99,5.73%
656,Faribault Public School District,3652,2001,54.79%,573,15.69%,1746,47.81%,1906,52.19%,834,22.84%
192,Farmington Public School District,7313,1476,20.18%,1160,15.86%,3506,47.94%,3807,52.06%,302,4.13%
544,Fergus Falls Public School District,2890,393,13.60%,354,12.25%,1468,50.80%,1422,49.20%,36,1.25%
599,Fertile-Beltrami School District,476,31,6.51%,61,12.82%,231,48.53%,245,51.47%,0,0.00%
2198,Fillmore Central,621,28,4.51%,73,11.76%,312,50.24%,309,49.76%,0,0.00%
600,Fisher Public School District,274,48,17.52%,66,24.09%,130,47.45%,144,52.55%,3,1.09%
698,Floodwood Public School District,222,33,14.86%,38,17.12%,118,53.15%,104,46.85%,0,0.00%
51,Foley Public School District,1964,63,3.21%,290,14.77%,963,49.03%,1001,50.97%,1,0.05%
831,Forest Lake Public School District,6148,874,14.22%,966,15.71%,2935,47.74%,3213,52.26%,134,2.18%
601,Fosston Public School District,614,96,15.64%,106,17.26%,281,45.77%,333,54.23%,1,0.16%
23,Frazee-Vergas Public School District,904,131,14.49%,180,19.91%,446,49.34%,458,50.66%,1,0.11%
14,Fridley Public School District,3039,1962,64.56%,417,13.72%,1476,48.57%,1563,51.43%,406,13.36%
505,Fulda Public School District,346,66,19.08%,62,17.92%,164,47.40%,182,52.60%,28,8.09%
2365,G.F.W. Schools,704,145,20.60%,139,19.74%,360,51.14%,344,48.86%,35,4.97%
2859,Glencoe-Silver Lake School District,1626,373,22.94%,262,16.11%,800,49.20%,826,50.80%,95,5.84%
2886,Glenville-Emmons School District,242,17,7.02%,48,19.83%,120,49.59%,122,50.41%,0,0.00%
253,Goodhue Public School District,673,63,9.36%,14,2.08%,334,49.63%,339,50.37%,33,4.90%
561,Goodridge Public School District,250,29,11.60%,39,15.60%,129,51.60%,121,48.40%,0,0.00%
2536,Granada-Huntley-East Chain,309,17,5.50%,41,13.27%,150,48.54%,159,51.46%,0,0.00%
495,Grand Meadow Public School District,438,38,8.68%,56,12.79%,220,50.23%,218,49.77%,0,0.00%
318,Grand Rapids Public School District,4149,601,14.49%,775,18.68%,2016,48.59%,2133,51.41%,2,0.05%
2683,Greenbush-Middle River School District,283,13,4.59%,57,20.14%,132,46.64%,151,53.36%,0,0.00%
316,Greenway Public School District,1067,167,15.65%,262,24.55%,502,47.05%,565,52.95%,2,0.19%
447,Grygla Public School District,149,7,4.70%,19,12.75%,73,48.99%,76,51.01%,0,0.00%
768,Hancock Public School District,369,45,12.20%,68,18.43%,173,46.88%,196,53.12%,17,4.61%
200,Hastings Public School District,4391,601,13.69%,648,14.76%,2175,49.53%,2216,50.47%,51,1.16%
150,Hawley Public School District,975,58,5.95%,112,11.49%,463,47.49%,512,52.51%,20,2.05%
203,Hayfield Public School District,685,76,11.09%,101,14.74%,345,50.36%,340,49.64%,0,0.00%
402,Hendricks Public School District,138,15,10.87%,24,17.39%,68,49.28%,70,50.72%,3,2.17%
545,Henning Public School District,368,21,5.71%,59,16.03%,179,48.64%,189,51.36%,3,0.82%
264,Herman-Norcross School District,99,14,14.14%,21,21.21%,44,44.44%,55,55.56%,0,0.00%
700,Hermantown Public School District,2110,173,8.20%,300,14.22%,1031,48.86%,1079,51.14%,10,0.47%
330,Heron Lake-Okabena School District,300,49,16.33%,59,19.67%,128,42.67%,172,57.33%,16,5.33%
701,Hibbing Public School District,2407,307,12.75%,457,18.99%,1191,49.48%,1216,50.52%,4,0.17%
2,Hill City Public School District,267,30,11.24%,72,26.97%,134,50.19%,133,49.81%,0,0.00%
671,Hills-Beaver Creek School District,364,23,6.32%,40,10.99%,178,48.90%,186,51.10%,0,0.00%
2165,Hinckley-Finlayson School District,976,259,26.54%,141,14.45%,482,49.39%,494,50.61%,4,0.41%
738,Holdingford Public School District,1064,25,2.35%,157,14.76%,519,48.78%,545,51.22%,3,0.28%
270,Hopkins Public School District,6883,3238,47.04%,1036,15.05%,3346,48.61%,3537,51.39%,522,7.58%
294,Houston Public School District,1976,497,25.15%,360,18.22%,1073,54.30%,903,45.70%,21,1.06%
2687,Howard Lake-Waverly-Winsted,1252,113,9.03%,187,14.94%,616,49.20%,636,50.80%,11,0.88%
423,Hutchinson Public School District,2944,412,13.99%,457,15.52%,1424,48.37%,1520,51.63%,109,3.70%
361,International Falls School District,1011,122,12.07%,176,17.41%,501,49.55%,510,50.45%,7,0.69%
199,Inver Grove Heights Schools,3633,1723,47.43%,497,13.68%,1759,48.42%,1874,51.58%,354,9.74%
473,Isle Public School District,432,96,22.22%,98,22.69%,199,46.06%,233,53.94%,2,0.46%
403,Ivanhoe Public School District,91,4,4.40%,22,24.18%,38,41.76%,53,58.24%,0,0.00%
2895,Jackson County Central School District,1180,157,13.31%,203,17.20%,556,47.12%,624,52.88%,8,0.68%
2835,Janesville-Waldorf-Pemberton,705,49,6.95%,137,19.43%,356,50.50%,349,49.50%,0,0.00%
717,Jordan Public School District,1908,365,19.13%,314,16.46%,926,48.53%,982,51.47%,75,3.93%
204,Kasson-Mantorville School District,2222,205,9.23%,289,13.01%,1099,49.46%,1123,50.54%,36,1.62%
36,Kelliher Public School District,285,143,50.18%,55,19.30%,140,49.12%,145,50.88%,0,0.00%
2172,Kenyon-Wanamingo School District,770,78,10.13%,115,14.94%,340,44.16%,430,55.84%,26,3.38%
775,Kerkhoven-Murdock-Sunburg,729,100,13.72%,117,16.05%,359,49.25%,370,50.75%,18,2.47%
739,Kimball Public School District,758,39,5.15%,114,15.04%,347,45.78%,411,54.22%,0,0.00%
2137,Kingsland Public School District,554,35,6.32%,86,15.52%,253,45.67%,301,54.33%,0,0.00%
2171,Kittson Central School District,230,23,10.00%,29,12.61%,108,46.96%,122,53.04%,3,1.30%
300,La Crescent-Hokah School District,1108,120,10.83%,183,16.52%,531,47.92%,577,52.08%,1,0.09%
2853,Lac Qui Parle Valley School District,804,197,24.50%,136,16.92%,384,47.76%,420,52.24%,73,9.08%
404,Lake Benton Public School District,144,8,5.56%,20,13.89%,67,46.53%,77,53.47%,0,0.00%
813,Lake City Public School District,1253,127,10.14%,186,14.84%,617,49.24%,636,50.76%,34,2.71%
2071,Lake Crystal-Wellcome Memorial,915,68,7.43%,136,14.86%,468,51.15%,447,48.85%,5,0.55%
390,Lake of the Woods School District,477,67,14.05%,59,12.37%,230,48.22%,247,51.78%,0,0.00%
2889,Lake Park Audubon School District,716,84,11.73%,116,16.20%,342,47.77%,374,52.23%,2,0.28%
381,Lake Superior Public School District,1391,64,4.60%,229,16.46%,662,47.59%,729,52.41%,0,0.00%
2167,Lakeview School District,647,68,10.51%,119,18.39%,316,48.84%,331,51.16%,13,2.01%
194,Lakeville Public School District,11204,2355,21.02%,1583,14.13%,5441,48.56%,5763,51.44%,334,2.98%
356,Lancaster Public School District,162,9,5.56%,39,24.07%,83,51.23%,79,48.77%,0,0.00%
229,Lanesboro Public School District,347,13,3.75%,40,11.53%,163,46.97%,184,53.03%,0,0.00%
306,Laporte Public School District,338,82,24.26%,69,20.41%,156,46.15%,182,53.85%,0,0.00%
2397,Le Sueur-Henderson School District,1026,250,24.37%,161,15.69%,512,49.90%,514,50.10%,52,5.07%
499,LeRoy-Ostrander Public Schools,266,27,10.15%,42,15.79%,134,50.38%,132,49.62%,4,1.50%
424,Lester Prairie Public School District,434,94,21.66%,68,15.67%,195,44.93%,239,55.07%,43,9.91%
857,Lewiston-Altura Public School District,745,88,11.81%,125,16.78%,372,49.93%,373,50.07%,10,1.34%
465,Litchfield Public School District,1578,207,13.12%,274,17.36%,756,47.91%,822,52.09%,37,2.34%
482,Little Falls Public School District,2536,295,11.63%,472,18.61%,1210,47.71%,1326,52.29%,62,2.44%
362,Littlefork-Big Falls School District,327,33,10.09%,45,13.76%,172,52.60%,155,47.40%,0,0.00%
2753,Long Prairie-Grey Eagle School District,932,472,50.64%,180,19.31%,471,50.54%,461,49.46%,226,24.25%
2184,Luverne Public School District,1270,163,12.83%,205,16.14%,609,47.95%,661,52.05%,26,2.05%
497,Lyle Public School District,284,59,20.77%,67,23.59%,121,42.61%,163,57.39%,19,6.69%
415,Lynd Public School District,180,70,38.89%,26,14.44%,78,43.33%,102,56.67%,36,20.00%
238,Mabel-Canton Public School District,275,13,4.73%,39,14.18%,130,47.27%,145,52.73%,1,0.36%
2180,M.A.C.C.R.A.Y. School District,729,122,16.74%,157,21.54%,375,51.44%,354,48.56%,10,1.37%
837,Madelia Public School District,614,295,48.05%,92,14.98%,299,48.70%,315,51.30%,118,19.22%
432,Mahnomen Public School District,642,543,84.58%,116,18.07%,308,47.98%,334,52.02%,0,0.00%
832,Mahtomedi Public School District,3342,553,16.55%,387,11.58%,1647,49.28%,1695,50.72%,50,1.50%
77,Mankato Public School District,8799,2203,25.04%,1494,16.98%,4152,47.19%,4647,52.81%,514,5.84%
881,Maple Lake Public School District,850,38,4.47%,176,20.71%,413,48.59%,437,51.41%,5,0.59%
2135,Maple River School District,904,73,8.08%,153,16.92%,435,48.12%,469,51.88%,0,0.00%
441,Marshall County Central Schools,427,18,4.22%,56,13.11%,221,51.76%,206,48.24%,0,0.00%
413,Marshall Public School District,2625,1007,38.36%,429,16.34%,1242,47.31%,1383,52.69%,400,15.24%
2448,Martin County West School District,726,68,9.37%,109,15.01%,351,48.35%,375,51.65%,0,0.00%
4,McGregor Public School District,480,123,25.63%,132,27.50%,226,47.08%,254,52.92%,0,0.00%
763,Medford Public School District,891,191,21.44%,121,13.58%,457,51.29%,434,48.71%,25,2.81%
740,Melrose Public School District,1331,395,29.68%,193,14.50%,645,48.46%,686,51.54%,197,14.80%
821,Menahga Public School District,1039,48,4.62%,178,17.13%,541,52.07%,498,47.93%,4,0.38%
2711,Mesabi East School District,1000,85,8.50%,202,20.20%,488,48.80%,512,51.20%,0,0.00%
912,Milaca Public School District,1812,132,7.28%,411,22.68%,866,47.79%,946,52.21%,4,0.22%
635,Milroy Public School District,37,0,0.00%,0,0.00%,20,54.05%,17,45.95%,0,0.00%
1,Minneapolis Public School District,35580,23002,64.65%,6054,17.02%,17310,48.65%,18270,51.35%,7301,20.52%
414,Minneota Public School District,530,55,10.38%,78,14.72%,239,45.09%,291,54.91%,21,3.96%
276,Minnetonka Public School District,10970,1837,16.75%,1299,11.84%,5399,49.22%,5571,50.78%,172,1.57%
2149,Minnewaska School District,1304,98,7.52%,288,22.09%,579,44.40%,725,55.60%,6,0.46%
129,Montevideo Public School District,1409,374,26.54%,294,20.87%,669,47.48%,740,52.52%,133,9.44%
882,Monticello Public School District,4125,615,14.91%,603,14.62%,1977,47.93%,2148,52.07%,96,2.33%
152,Moorhead Public School District,7027,2031,28.90%,1316,18.73%,3409,48.51%,3618,51.49%,590,8.40%
97,Moose Lake Public School District,655,49,7.48%,91,13.89%,321,49.01%,334,50.99%,2,0.31%
332,Mora Public School District,1643,142,8.64%,289,17.59%,802,48.81%,841,51.19%,2,0.12%
2769,Morris Area Public Schools,1045,210,20.10%,172,16.46%,493,47.18%,552,52.82%,62,5.93%
621,Mounds View Public School District,11957,4524,37.84%,1551,12.97%,5708,47.74%,6249,52.26%,642,5.37%
712,Mountain Iron-Buhl School District,536,92,17.16%,76,14.18%,226,42.16%,310,57.84%,0,0.00%
173,Mountain Lake Public Schools,516,217,42.05%,93,18.02%,250,48.45%,266,51.55%,56,10.85%
2169,Murray County Central School District,747,40,5.35%,120,16.06%,371,49.67%,376,50.33%,4,0.54%
319,Nashwauk-Keewatin School District,610,77,12.62%,140,22.95%,286,46.89%,324,53.11%,0,0.00%
707,Nett Lake Public School District,57,57,100.00%,19,33.33%,25,43.86%,32,56.14%,0,0.00%
308,Nevis Public School District,626,69,11.02%,127,20.29%,315,50.32%,311,49.68%,0,0.00%
345,New London-Spicer School District,1556,135,8.68%,226,14.52%,730,46.92%,826,53.08%,31,1.99%
721,New Prague Area Schools,4276,302,7.06%,572,13.38%,2091,48.90%,2185,51.10%,25,0.58%
88,New Ulm Public School District,2091,187,8.94%,380,18.17%,977,46.72%,1114,53.28%,16,0.77%
553,New York Mills Public School District,744,41,5.51%,117,15.73%,352,47.31%,392,52.69%,0,0.00%
507,Nicollet Public School District,391,38,9.72%,66,16.88%,209,53.45%,182,46.55%,1,0.26%
2215,Norman County East School District,258,50,19.38%,49,18.99%,113,43.80%,145,56.20%,3,1.16%
2527,Norman County West School District,83,20,24.10%,12,14.46%,42,50.60%,41,49.40%,6,7.23%
138,North Branch Public Schools,2731,315,11.53%,414,15.16%,1326,48.55%,1405,51.45%,50,1.83%
622,North St. Paul-Maplewood-Oakdale School District,10808,6896,63.80%,1885,17.44%,5294,48.98%,5514,51.02%,1328,12.29%
659,Northfield Public School District,4067,863,21.22%,603,14.83%,2019,49.64%,2048,50.36%,252,6.20%
118,Northland Community Schools,360,153,42.50%,71,19.72%,190,52.78%,170,47.22%,0,0.00%
2168,NRHEG School District,899,71,7.90%,134,14.91%,443,49.28%,456,50.72%,3,0.33%
333,Ogilvie Public School District,510,11,2.16%,110,21.57%,258,50.59%,252,49.41%,0,0.00%
480,Onamia Public School District,646,381,58.98%,220,34.06%,288,44.58%,358,55.42%,0,0.00%
278,Orono Public School District,2885,312,10.81%,373,12.93%,1357,47.04%,1528,52.96%,35,1.21%
2903,Ortonville Public Schools,523,50,9.56%,107,20.46%,247,47.23%,276,52.77%,10,1.91%
213,Osakis Public School District,846,40,4.73%,146,17.26%,423,50.00%,423,50.00%,1,0.12%
279,Osseo Public School District,21472,12310,57.33%,3010,14.02%,10440,48.62%,11032,51.38%,2248,10.47%
761,Owatonna Public School District,5092,1404,27.57%,829,16.28%,2513,49.35%,2579,50.65%,426,8.37%
309,Park Rapids Public School District,1739,280,16.10%,339,19.49%,892,51.29%,847,48.71%,37,2.13%
547,Parkers Prairie Public School District,552,23,4.17%,86,15.58%,262,47.46%,290,52.54%,0,0.00%
741,Paynesville Public School District,928,59,6.36%,162,17.46%,474,51.08%,454,48.92%,7,0.75%
548,Pelican Rapids Public School District,890,418,46.97%,121,13.60%,455,51.12%,435,48.88%,173,19.44%
186,Pequot Lakes Public Schools,1747,77,4.41%,230,13.17%,820,46.94%,927,53.06%,2,0.11%
549,Perham-Dent Public School District,1527,282,18.47%,265,17.35%,722,47.28%,805,52.72%,68,4.45%
484,Perz Public School District,1195,38,3.18%,158,13.22%,559,46.78%,636,53.22%,9,0.75%
116,Pillager Public School District,1164,59,5.07%,214,18.38%,559,48.02%,605,51.98%,1,0.09%
578,Pine City Public School District,1594,157,9.85%,180,11.29%,762,47.80%,832,52.20%,6,0.38%
255,Pine Island Public School District,1358,102,7.51%,162,11.93%,637,46.91%,721,53.09%,0,0.00%
25,Pine Point Public School District,59,59,100.00%,16,27.12%,35,59.32%,24,40.68%,0,0.00%
2174,Pine River-Backus Public School District,944,49,5.19%,209,22.14%,468,49.58%,476,50.42%,3,0.32%
2689,Pipestone Area School District,1146,281,24.52%,171,14.92%,539,47.03%,607,52.97%,78,6.81%
2899,Plainview-Elgin-Millville,1512,182,12.04%,216,14.29%,739,48.88%,773,51.12%,40,2.65%
477,Princeton Public School District,3453,254,7.36%,502,14.54%,1672,48.42%,1781,51.58%,17,0.49%
719,Prior Lake-Savage Area Schools,8931,1762,19.73%,1088,12.18%,4426,49.56%,4505,50.44%,256,2.87%
704,Proctor Public School District,1804,159,8.81%,335,18.57%,824,45.68%,980,54.32%,1,0.06%
195,Randolph Public School District,684,35,5.12%,105,15.35%,317,46.35%,367,53.65%,0,0.00%
2906,Red Lake County Central Public Schools,400,41,10.25%,51,12.75%,190,47.50%,210,52.50%,1,0.25%
630,Red Lake Falls Public School District,370,39,10.54%,43,11.62%,182,49.19%,188,50.81%,1,0.27%
38,Red Lake Public School District,1497,1497,100.00%,301,20.11%,709,47.36%,788,52.64%,0,0.00%
2884,Red Rock Central School District,458,34,7.42%,66,14.41%,212,46.29%,246,53.71%,0,0.00%
256,Red Wing Public School District,2667,649,24.33%,462,17.32%,1325,49.68%,1342,50.32%,51,1.91%
2897,Redwood Area School District,1137,409,35.97%,237,20.84%,533,46.88%,604,53.12%,11,0.97%
2890,Renville County West School District,588,214,36.39%,106,18.03%,304,51.70%,284,48.30%,116,19.73%
280,Richfield Public School District,4319,3081,71.34%,709,16.42%,2055,47.58%,2264,52.42%,1087,25.17%
281,Robbinsdale Public School District,12546,7643,60.92%,1827,14.56%,6158,49.08%,6388,50.92%,1269,10.11%
535,Rochester Public School District,18015,7350,40.80%,3098,17.20%,8730,48.46%,9285,51.54%,1879,10.43%
883,Rockford Public School District,1634,301,18.42%,211,12.91%,784,47.98%,850,52.02%,81,4.96%
750,ROCORI Public School District,2135,292,13.68%,252,11.80%,1030,48.24%,1105,51.76%,125,5.85%
682,Roseau Public School District,1183,74,6.26%,179,15.13%,574,48.52%,609,51.48%,4,0.34%
196,Rosemount-Apple Valley-Eagan,28997,10817,37.30%,4463,15.39%,14055,48.47%,14942,51.53%,2018,6.96%
623,Roseville Public School District,7655,4313,56.34%,1087,14.20%,3734,48.78%,3921,51.22%,1133,14.80%
850,Rothsay Public School District,304,22,7.24%,38,12.50%,142,46.71%,162,53.29%,0,0.00%
2907,Round Lake-Brewster Public Schools,342,253,73.98%,20,5.85%,183,53.51%,159,46.49%,105,30.70%
485,Royalton Public School District,954,62,6.50%,147,15.41%,449,47.06%,505,52.94%,0,0.00%
2902,RTR Public Schools,589,36,6.11%,63,10.70%,282,47.88%,307,52.12%,5,0.85%
139,Rush City Public School District,848,78,9.20%,103,12.15%,411,48.47%,437,51.53%,4,0.47%
239,Rushford-Peterson Public Schools,697,38,5.45%,74,10.62%,323,46.34%,374,53.66%,11,1.58%
748,Sartell-St. Stephen School District,4074,376,9.23%,653,16.03%,2019,49.56%,2055,50.44%,42,1.03%
743,Sauk Centre Public School District,1098,120,10.93%,186,16.94%,560,51.00%,538,49.00%,49,4.46%
47,Sauk Rapids-Rice Public Schools,4647,638,13.73%,863,18.57%,2298,49.45%,2349,50.55%,40,0.86%
820,Sebeka Public School District,496,30,6.05%,102,20.56%,253,51.01%,243,48.99%,0,0.00%
720,Shakopee Public School District,8319,3542,42.58%,1292,15.53%,4038,48.54%,4281,51.46%,974,11.71%
2310,Sibley East School District,1150,418,36.35%,188,16.35%,540,46.96%,610,53.04%,141,12.26%
84,Sleepy Eye Public School District,609,231,37.93%,87,14.29%,298,48.93%,311,51.07%,67,11.00%
363,South Koochiching School District,287,51,17.77%,61,21.25%,143,49.83%,144,50.17%,3,1.05%
6,South St. Paul Public School District,3548,1618,45.60%,571,16.09%,1714,48.31%,1834,51.69%,222,6.26%
833,South Washington County School District,18966,6296,33.20%,2940,15.50%,9166,48.33%,9800,51.67%,977,5.15%
500,Southland Public School District,382,33,8.64%,50,13.09%,183,47.91%,199,52.09%,10,2.62%
297,Spring Grove School District,361,12,3.32%,50,13.85%,176,48.75%,185,51.25%,0,0.00%
16,Spring Lake Park Public Schools,6096,2661,43.65%,788,12.93%,3025,49.62%,3071,50.38%,689,11.30%
85,Springfield Public School District,566,45,7.95%,70,12.37%,266,47.00%,300,53.00%,2,0.35%
282,St. Anthony-New Brighton Schools,1837,633,34.46%,164,8.93%,913,49.70%,924,50.30%,132,7.19%
858,St. Charles Public School District,996,191,19.18%,103,10.34%,480,48.19%,516,51.81%,49,4.92%
75,St. Clair Public School District,666,18,2.70%,85,12.76%,338,50.75%,328,49.25%,0,0.00%
742,St. Cloud Public School District,10292,5629,54.69%,2078,20.19%,4852,47.14%,5440,52.86%,2466,23.96%
15,St. Francis Public School District,4547,673,14.80%,717,15.77%,2189,48.14%,2358,51.86%,99,2.18%
840,St. James Public School District,1042,544,52.21%,179,17.18%,518,49.71%,524,50.29%,152,14.59%
2142,St. Louis County School District,2061,428,20.77%,441,21.40%,969,47.02%,1092,52.98%,0,0.00%
283,St. Louis Park Public School District,4714,2152,45.65%,655,13.89%,2313,49.07%,2401,50.93%,438,9.29%
885,St. Michael-Albertville School District,6463,852,13.18%,677,10.48%,3093,47.86%,3370,52.14%,108,1.67%
625,St. Paul Public School District,36888,29207,79.18%,5791,15.70%,17788,48.22%,19100,51.78%,10957,29.70%
508,St. Peter Public School District,2246,664,29.56%,404,17.99%,1051,46.79%,1195,53.21%,195,8.68%
2170,Staples-Motley School District,1104,130,11.78%,227,20.56%,485,43.93%,619,56.07%,4,0.36%
2856,Stephen-Argyle Central Schools,300,37,12.33%,35,11.67%,149,49.67%,151,50.33%,3,1.00%
534,Stewartville Public School District,2108,153,7.26%,326,15.46%,1041,49.38%,1067,50.62%,11,0.52%
834,Stillwater Area Public School District,8554,1631,19.07%,1309,15.30%,4162,48.66%,4392,51.34%,206,2.41%
486,Swanville Public School District,329,18,5.47%,43,13.07%,145,44.07%,184,55.93%,11,3.34%
564,Thief River Falls School District,2020,341,16.88%,388,19.21%,993,49.16%,1027,50.84%,21,1.04%
2904,Tracy Area Public School District,732,165,22.54%,115,15.71%,356,48.63%,376,51.37%,34,4.64%
2905,Tri-City United School District,1899,414,21.80%,335,17.64%,867,45.66%,1032,54.34%,146,7.69%
2358,Tri-County School District,200,7,3.50%,36,18.00%,108,54.00%,92,46.00%,0,0.00%
2125,Triton School District,1075,246,22.88%,195,18.14%,520,48.37%,555,51.63%,59,5.49%
458,Truman Public School District,216,18,8.33%,36,16.67%,91,42.13%,125,57.87%,0,0.00%
914,Ulen-Hitterdal Public School District,303,61,20.13%,45,14.85%,143,47.19%,160,52.81%,1,0.33%
550,Underwood Public School District,567,36,6.35%,67,11.82%,276,48.68%,291,51.32%,2,0.35%
2134,United South Central School District,737,144,19.54%,117,15.88%,369,50.07%,368,49.93%,21,2.85%
487,Upsala Public School District,380,16,4.21%,51,13.42%,183,48.16%,197,51.84%,0,0.00%
818,Verndale Public School District,573,43,7.50%,120,20.94%,283,49.39%,290,50.61%,5,0.87%
706,Virginia Public School District,1765,293,16.60%,265,15.01%,786,44.53%,979,55.47%,3,0.17%
811,Wabasha-Kellogg Public School District,515,52,10.10%,75,14.56%,261,50.68%,254,49.32%,9,1.75%
640,Wabasso Public School District,407,17,4.18%,64,15.72%,214,52.58%,193,47.42%,0,0.00%
110,Waconia Public School District,4123,415,10.07%,618,14.99%,1983,48.10%,2140,51.90%,65,1.58%
2155,Wadena-Deer Creek School District,1040,108,10.38%,215,20.67%,547,52.60%,493,47.40%,5,0.48%
113,Walker-Hackensack-Akeley School District,799,269,33.67%,189,23.65%,371,46.43%,428,53.57%,1,0.13%
2176,Warren-Alvarado-Oslo School District,526,97,18.44%,96,18.25%,266,50.57%,260,49.43%,12,2.28%
690,Warroad Public School District,1002,263,26.25%,168,16.77%,491,49.00%,511,51.00%,30,2.99%
829,Waseca Public School District,1945,401,20.62%,351,18.05%,945,48.59%,1000,51.41%,79,4.06%
111,Watertown-Mayer Public School District,1552,89,5.73%,267,17.20%,743,47.87%,809,52.13%,14,0.90%
2143,Waterville-Elysian-Morristown Public School District,791,100,12.64%,159,20.10%,388,49.05%,403,50.95%,7,0.88%
435,Waubun-Ogema-White Earth Public Schools,697,563,80.77%,106,15.21%,339,48.64%,358,51.36%,0,0.00%
284,Wayzata Public School District,11948,4470,37.41%,1078,9.02%,5762,48.23%,6186,51.77%,396,3.31%
2342,West Central Area,786,62,7.89%,137,17.43%,392,49.87%,394,50.13%,8,1.02%
197,West St. Paul-Mendota Heights-Eagan,5222,2591,49.62%,990,18.96%,2546,48.76%,2676,51.24%,608,11.64%
2898,Westbrook-Walnut Grove Schools,364,100,27.47%,66,18.13%,177,48.63%,187,51.37%,62,17.03%
277,Westonka Public School District,2447,335,13.69%,424,17.33%,1163,47.53%,1284,52.47%,9,0.37%
803,Wheaton Area Public School District,392,68,17.35%,67,17.09%,185,47.19%,207,52.81%,4,1.02%
624,White Bear Lake School District,8860,2396,27.04%,1483,16.74%,4291,48.43%,4569,51.57%,323,3.65%
347,Willmar Public School District,4478,2688,60.03%,604,13.49%,2177,48.62%,2301,51.38%,1101,24.59%
577,Willow River Public School District,415,20,4.82%,72,17.35%,209,50.36%,206,49.64%,1,0.24%
177,Windom Public School District,1064,313,29.42%,202,18.98%,487,45.77%,577,54.23%,90,8.46%
2609,Win-E-Mac School District,487,28,5.75%,67,13.76%,228,46.82%,259,53.18%,0,0.00%
861,Winona Area Public School District,2937,593,20.19%,656,22.34%,1406,47.87%,1531,52.13%,93,3.17%
518,Worthington Public School District,3904,2569,65.80%,522,13.37%,1868,47.85%,2036,52.15%,1104,28.28%
100,Wrenshall Public School District,377,35,9.28%,70,18.57%,194,51.46%,183,48.54%,3,0.80%
2190,Yellow Medicine East,696,214,30.75%,155,22.27%,338,48.56%,358,51.44%,19,2.73%
2805,Zumbrota-Mazeppa School District,1204,88,7.31%,182,15.12%,577,47.92%,627,52.08%,7,0.58%
